timestamp,solar_generation_kw,wind_generation_kw,critical_load_kw,flexible_load_kw,battery_soc_pct,temp_celsius,wind_speed_kmh,irradiance_wm2,generator_active
2026-09-30T00:00:00,0.0,8.2,12.5,7.7,78.2,-28.4,34.2,0.0,0
2026-09-30T01:00:00,0.0,7.8,12.4,6.2,74.5,-29.1,31.8,0.0,0
2026-09-30T02:00:00,0.0,9.1,12.5,5.8,71.2,-29.5,36.5,0.0,0
2026-09-30T03:00:00,0.0,10.4,12.6,5.5,69.0,-30.2,40.1,0.0,0
2026-09-30T04:00:00,1.2,11.2,12.8,6.0,68.4,-30.0,42.0,25.0,0
2026-09-30T05:00:00,4.5,10.8,13.0,7.2,69.8,-28.8,39.4,95.0,0
2026-09-30T06:00:00,9.8,9.5,13.5,8.0,72.4,-27.2,35.0,210.0,0
2026-09-30T07:00:00,14.2,8.4,14.0,8.5,75.1,-26.5,33.1,320.0,0
2026-09-30T08:00:00,18.4,7.2,14.2,7.7,76.0,-28.0,32.0,412.0,0
2026-09-30T09:00:00,21.0,6.5,14.5,8.0,79.5,-26.0,29.4,460.0,0
2026-09-30T10:00:00,23.5,6.1,15.0,8.5,83.0,-25.2,27.0,510.0,0
2026-09-30T11:00:00,24.8,5.8,15.2,8.8,86.4,-24.8,25.5,540.0,0
2026-09-30T12:00:00,25.0,6.0,15.5,9.0,89.2,-24.5,26.0,550.0,0
